{
  "IcoMoonType": "selection",
  "icons": [
    {
      "icon": {
        "paths": [
          "M658.286 475.429c0-141.143-114.857-256-256-256s-256 114.857-256 256 114.857 256 256 256 256-114.857 256-256zM950.857 950.857c0 40-33.143 73.143-73.143 73.143-19.429 0-38.286-8-51.429-21.714l-196-195.429c-66.857 46.286-146.857 70.857-228 70.857-222.286 0-402.286-180-402.286-402.286s180-402.286 402.286-402.286 402.286 180 402.286 402.286c0 81.143-24.571 161.143-70.857 228l196 196c13.143 13.143 21.143 32 21.143 51.429z"
        ],
        "width": 950.8571428571428,
        "attrs": [],
        "isMulticolor": false,
        "isMulticolor2": false,
        "tags": [
          "search"
        ],
        "defaultCode": 61442,
        "grid": 14
      },
      "attrs": [],
      "properties": {
        "name": "search",
        "id": 6,
        "order": 37,
        "prevSize": 28,
        "code": 61442
      },
      "setIdx": 0,
      "setId": 3,
      "iconIdx": 6
    },
    {
      "icon": {
        "paths": [
          "M731.429 799.429c0 83.429-54.857 151.429-121.714 151.429h-488c-66.857 0-121.714-68-121.714-151.429 0-150.286 37.143-324 186.857-324 46.286 45.143 109.143 73.143 178.857 73.143s132.571-28 178.857-73.143c149.714 0 186.857 173.714 186.857 324zM585.143 292.571c0 121.143-98.286 219.429-219.429 219.429s-219.429-98.286-219.429-219.429 98.286-219.429 219.429-219.429 219.429 98.286 219.429 219.429z"
        ],
        "width": 731.4285714285713,
        "attrs": [],
        "isMulticolor": false,
        "isMulticolor2": false,
        "tags": [
          "user"
        ],
        "defaultCode": 61447,
        "grid": 14
      },
      "attrs": [],
      "properties": {
        "name": "user",
        "id": 11,
        "order": 31,
        "prevSize": 28,
        "code": 61447
      },
      "setIdx": 0,
      "setId": 3,
      "iconIdx": 11
    },
    {
      "icon": {
        "paths": [
          "M961.714 461.714l-424 423.429c-14.286 14.286-37.143 14.286-51.429 0l-424-423.429c-14.286-14.286-14.286-37.714 0-52l94.857-94.286c14.286-14.286 37.143-14.286 51.429 0l303.429 303.429 303.429-303.429c14.286-14.286 37.143-14.286 51.429 0l94.857 94.286c14.286 14.286 14.286 37.714 0 52z"
        ],
        "width": 1024,
        "attrs": [],
        "isMulticolor": false,
        "isMulticolor2": false,
        "tags": [
          "chevron-down"
        ],
        "defaultCode": 61560,
        "grid": 14
      },
      "attrs": [],
      "properties": {
        "name": "down",
        "id": 114,
        "order": 33,
        "prevSize": 28,
        "code": 61560
      },
      "setIdx": 0,
      "setId": 3,
      "iconIdx": 114
    },
    {
      "icon": {
        "paths": [
          "M877.714 768v73.143c0 20-16.571 36.571-36.571 36.571h-804.571c-20 0-36.571-16.571-36.571-36.571v-73.143c0-20 16.571-36.571 36.571-36.571h804.571c20 0 36.571 16.571 36.571 36.571zM877.714 475.429v73.143c0 20-16.571 36.571-36.571 36.571h-804.571c-20 0-36.571-16.571-36.571-36.571v-73.143c0-20 16.571-36.571 36.571-36.571h804.571c20 0 36.571 16.571 36.571 36.571zM877.714 182.857v73.143c0 20-16.571 36.571-36.571 36.571h-804.571c-20 0-36.571-16.571-36.571-36.571v-73.143c0-20 16.571-36.571 36.571-36.571h804.571c20 0 36.571 16.571 36.571 36.571z"
        ],
        "width": 877.7142857142857,
        "attrs": [],
        "isMulticolor": false,
        "isMulticolor2": false,
        "tags": [
          "bars",
          "navicon",
          "reorder"
        ],
        "defaultCode": 61641,
        "grid": 14
      },
      "attrs": [],
      "properties": {
        "name": "navicon",
        "id": 178,
        "order": 34,
        "prevSize": 28,
        "code": 61641
      },
      "setIdx": 0,
      "setId": 3,
      "iconIdx": 178
    },
    {
      "icon": {
        "paths": [
          "M877.714 512c0 242.286-196.571 438.857-438.857 438.857-43.429 0-84.571-6.286-124.571-18.286 16.571-26.286 35.429-60 44.571-93.714 0 0 5.143-19.429 30.857-120.571 14.857 29.143 59.429 54.857 106.857 54.857 141.143 0 237.143-128.571 237.143-301.143 0-129.714-110.286-251.429-278.286-251.429-208 0-313.143 149.714-313.143 274.286 0 75.429 28.571 142.857 89.714 168 9.714 4 18.857 0 21.714-11.429 2.286-7.429 6.857-26.857 9.143-34.857 2.857-11.429 1.714-14.857-6.286-24.571-17.714-21.143-29.143-48-29.143-86.286 0-110.857 82.857-210.286 216-210.286 117.714 0 182.857 72 182.857 168.571 0 126.286-56 233.143-139.429 233.143-45.714 0-80-37.714-69.143-84.571 13.143-55.429 38.857-115.429 38.857-155.429 0-36-19.429-66.286-59.429-66.286-46.857 0-84.571 48.571-84.571 113.714 0 0 0 41.714 14.286 69.714-48 203.429-56.571 238.857-56.571 238.857-8 33.143-8.571 70.286-7.429 101.143-154.857-68-262.857-222.286-262.857-402.286 0-242.286 196.571-438.857 438.857-438.857s438.857 196.571 438.857 438.857z"
        ],
        "width": 877.7142857142857,
        "attrs": [],
        "isMulticolor": false,
        "isMulticolor2": false,
        "tags": [
          "pinterest"
        ],
        "defaultCode": 61650,
        "grid": 14
      },
      "attrs": [],
      "properties": {
        "name": "pinterest",
        "id": 186,
        "order": 35,
        "prevSize": 28,
        "code": 61650
      },
      "setIdx": 0,
      "setId": 3,
      "iconIdx": 186
    },
    {
      "icon": {
        "paths": [
          "M365.714 512c0-40.571-32.571-73.143-73.143-73.143s-73.143 32.571-73.143 73.143 32.571 73.143 73.143 73.143 73.143-32.571 73.143-73.143zM585.143 512c0-40.571-32.571-73.143-73.143-73.143s-73.143 32.571-73.143 73.143 32.571 73.143 73.143 73.143 73.143-32.571 73.143-73.143zM804.571 512c0-40.571-32.571-73.143-73.143-73.143s-73.143 32.571-73.143 73.143 32.571 73.143 73.143 73.143 73.143-32.571 73.143-73.143zM1024 512c0 202.286-229.143 365.714-512 365.714-41.714 0-82.286-3.429-120.571-10.286-65.143 65.143-150.286 109.714-248.571 130.857-15.429 2.857-32 5.714-49.143 7.429-9.143 1.143-17.714-5.143-20-13.714v0c-2.286-9.143 4.571-14.857 11.429-21.143 36-33.714 78.857-60.571 93.714-181.143-109.143-66.857-178.857-166.286-178.857-277.714 0-202.286 229.143-365.714 512-365.714s512 163.429 512 365.714z"
        ],
        "width": 1024,
        "attrs": [],
        "isMulticolor": false,
        "isMulticolor2": false,
        "tags": [
          "commenting"
        ],
        "defaultCode": 62074,
        "grid": 14
      },
      "attrs": [],
      "properties": {
        "name": "commenting",
        "id": 579,
        "order": 36,
        "prevSize": 28,
        "code": 62074
      },
      "setIdx": 0,
      "setId": 3,
      "iconIdx": 579
    },
    {
      "icon": {
        "paths": [
          "M544 0l-96 96 96 96-224 256h-224l176 176-272 360.616v39.384h39.384l360.616-272 176 176v-224l256-224 96 96 96-96-480-480zM448 544l-64-64 224-224 64 64-224 224z"
        ],
        "tags": [
          "pushpin",
          "pin"
        ],
        "defaultCode": 59718,
        "grid": 16,
        "attrs": []
      },
      "attrs": [],
      "properties": {
        "ligatures": "pushpin, pin",
        "name": "pushpin",
        "order": 30,
        "id": 71,
        "prevSize": 32,
        "code": 59718
      },
      "setIdx": 2,
      "setId": 1,